country_name,iso2,iso3,iso_numeric,g_whoregion,year,e_pop_num,e_inc_num,e_tbhiv_prct,e_inc_tbhiv_num,e_mort_exc_tbhiv_num,e_mort_tbhiv_num,e_mort_num,cfr,cfr_pct,c_cdr,source_rr_new,e_rr_pct_new,e_inc_rr_num,vaccine_antigen,coverage_category,targets_number,doses,BCG_coverage,population_density,MPI_value,pop_in_MP_percent,total_smokers_2022_percent,avg_air_pollution_PM2-5_in_2023
Afghanistan,AF,AFG,4,EMR,2023,41454760,75000,0.03,19.0,10000.0,1.0,10000.0,0.14,14.0,66.0,Surveillance,2.1,1700,BCG,Administrative coverage,2057002.0,1969540.0,95.75,63.8457,0.271721237,55.91023926,22.7,
Albania,AL,ALB,8,EUR,2023,2811661,430,1.1,4.0,7.0,3.0,10.0,0.02,2.0,71.0,Surveillance,1.3,10,BCG,Administrative coverage,22887.0,22703.0,99.2,102.6226,0.002747879,0.703561296,21.9,16.7
Algeria,DZ,DZA,12,AFR,2023,46164214,22000,0.83,180.0,1800.0,34.0,1900.0,0.09,9.0,86.0,Survey,2.1,490,BCG,Administrative coverage,936973.0,924725.0,98.69,19.3826,0.005409093,1.38083493,21.2,13.8
American Samoa,AS,ASM,16,WPR,2023,47521,2,0.37,0.0,0.37,0.08,,,,,Surveillance,2.2,0,,,,,,237.605,,,,
Andorra,AD,AND,20,EUR,2023,80854,5,0.47,0.0,0.47,0.08,4.9,100.0,,,Surveillance,2.5,0,BCG,Administrative coverage,,,,172.034,,,36.3,7.9
Angola,AO,AGO,24,AFR,2023,36749909,125000,7.9,9800.0,19000.0,3200.0,22000.0,0.19,19.0,52.0,Surveillance,3.5,5700,BCG,Administrative coverage,1218526.0,1163980.0,95.52,29.4777,0.282435048,51.10411185,,7.8
Anguilla,AI,AIA,660,AMR,2023,14413,3,8.2,0.0,8.2,0.39,,,,,Model,2.4,0,BCG,Administrative coverage,152.0,167.0,109.87,163.75,,,,7.4
Antigua and Barbuda,AG,ATG,28,AMR,2023,93317,1,1.2,0.0,1.2,0.97,1.1,100.0,,,Model,3.5,0,BCG,Administrative coverage,,,,212.0807,,,,
Argentina,AR,ARG,32,AMR,2023,45538407,16000,6.1,980.0,530.0,300.0,830.0,0.05,5.0,87.0,Survey,1.8,380,BCG,Administrative coverage,494208.0,339846.0,68.77,16.3114,0.001469295,0.432323335,23.8,9.2
Armenia,AM,ARM,51,EUR,2023,2943390,720,11.0,83.0,10.0,36.0,46.0,0.07,7.0,56.0,Survey & Surveillance,18.0,170,BCG,Administrative coverage,32766.0,32287.0,98.54,103.4076,0.000690069,0.190553383,24.9,26.4
Aruba,AW,ABW,533,AMR,2023,107935,4,0.29,0.0,0.29,0.08,,,,,Surveillance,3.3,0,BCG,Administrative coverage,,,,599.6583,,,,
Australia,AU,AUS,36,WPR,2023,26451115,1600,1.8,30.0,34.0,5.0,62.0,0.04,4.0,87.0,Surveillance,2.4,47,BCG,Administrative coverage,,,,3.4431,,,13.1,4.5
Austria,AT,AUT,40,EUR,2023,9130417,470,2.2,10.0,30.0,2.0,44.0,0.09,9.0,87.0,Surveillance,2.5,18,BCG,Administrative coverage,,,,110.6464,,,24.9,9.6
Azerbaijan,AZ,AZE,31,EUR,2023,10318209,7400,1.5,110.0,490.0,46.0,530.0,0.07,7.0,54.0,Survey & Surveillance,12.0,1500,BCG,Administrative coverage,105611.0,100810.0,95.45,124.8301,,,19.6,18.8
Bahamas,BS,BHS,44,AMR,2023,399445,31,33.0,10.0,2.0,1.0,4.0,0.12,12.0,87.0,Surveillance,4.1,1,BCG,Administrative coverage,,,,74.5503,,,11.3,5.2
Bahrain,BH,BHR,48,EMR,2023,1569662,190,5.1,10.0,15.0,2.0,16.0,0.09,9.0,87.0,Surveillance,2.1,4,BCG,Administrative coverage,5229.0,5229.0,100.0,2004.6814,,,15.0,39.2
Bangladesh,BD,BGD,50,SEA,2023,171466988,379000,0.2,740.0,44000.0,170.0,44000.0,0.12,12.0,80.0,Survey,1.1,5000,BCG,Administrative coverage,3360164.0,4229615.0,125.9,1317.2543,0.104060266,24.64057321,32.9,79.9
Barbados,BB,BRB,52,AMR,2023,282338,2,17.0,0.0,2.0,0.0,2.0,1.0,100.0,87.0,Surveillance,2.1,0,BCG,Administrative coverage,,,,656.5953,0.008528862,2.491336892,7.0,
Belarus,BY,BLR,112,EUR,2023,9115675,2500,8.2,200.0,190.0,98.0,290.0,0.12,12.0,62.0,Survey & Surveillance,39.0,1200,BCG,Administrative coverage,60202.0,58846.0,97.75,44.9247,,,30.1,
Belgium,BE,BEL,56,EUR,2023,11712891,880,3.7,33.0,33.0,7.0,40.0,0.05,5.0,29.0,Surveillance,1.6,26,BCG,Administrative coverage,,,,386.845,,,26.7,9.4
Belize,BZ,BLZ,84,AMR,2023,411105,110,15.0,17.0,6.0,5.0,11.0,0.1,10.0,74.0,Surveillance,0.94,2,BCG,Administrative coverage,6229.0,5480.0,87.98,18.023,0.017108831,4.303543429,8.8,8.3
Benin,BJ,BEN,204,AFR,2023,14111025,7100,12.0,860.0,1200.0,310.0,1500.0,0.22,22.0,60.0,Survey & Surveillance,0.8,73,BCG,Administrative coverage,448208.0,512705.0,114.39,125.1422,0.367674824,66.79888849,6.3,
Bermuda,BM,BMU,60,AMR,2023,64703,2,0.0,0.0,0.0,0.0,0.0,0.08,8.0,87.0,Surveillance,2.1,0,BCG,Administrative coverage,1.0,,,1198.1111,,,,4.1
Bhutan,BT,BTN,64,SEA,2023,786378,1300,0.69,9.0,220.0,3.0,220.0,0.17,17.0,65.0,Surveillance,12.0,160,BCG,Administrative coverage,9847.0,9516.0,96.64,20.482,,,18.7,
Bolivia (Plurinational State of),BO,BOL,68,AMR,2023,12244156,13000,5.6,710.0,1300.0,120.0,1400.0,0.11,11.0,73.0,Surveillance,1.5,260,BCG,Administrative coverage,237693.0,175255.0,73.73,11.3027,0.03775427,9.060217299,12.4,12.6
Bosnia and Herzegovina,BA,BIH,70,EUR,2023,3185078,750,0.2,2.0,68.0,0.0,69.0,0.09,9.0,59.0,Surveillance,0.23,2,BCG,Administrative coverage,25912.0,24708.0,95.35,62.2121,0.008307496,2.190133494,36.2,27.5
Botswana,BW,BWA,72,AFR,2023,2480246,6000,45.0,2600.0,710.0,1100.0,1800.0,0.3,30.0,29.0,Survey & Surveillance,4.1,250,BCG,Administrative coverage,58489.0,43649.0,74.63,4.3764,0.072638699,17.21929558,18.7,
Brazil,BR,BRA,76,AMR,2023,211140731,103000,19.0,20000.0,9700.0,3300.0,13000.0,0.13,13.0,89.0,Survey,1.6,3300,BCG,Administrative coverage,2534306.0,2004532.0,79.1,25.2617,0.016346041,3.841926866,12.2,12.6
British Virgin Islands,VG,VGB,92,AMR,2023,38989,0,0.0,0.0,0.0,0.0,,,,,Model,3.6,0,BCG,Administrative coverage,,,,253.1494,,,,
Brunei Darussalam,BN,BRN,96,WPR,2023,458954,300,2.0,6.0,24.0,0.0,24.0,0.08,8.0,87.0,Surveillance,0.34,1,BCG,Administrative coverage,6088.0,6088.0,100.0,79.6095,,,16.4,
Bulgaria,BG,BGR,100,EUR,2023,6795799,1100,0.47,5.0,95.0,0.0,95.0,0.09,9.0,80.0,Surveillance,1.9,33,BCG,Administrative coverage,48418.0,46727.0,96.51,62.6942,,,39.5,13.2
Burkina Faso,BF,BFA,854,AFR,2023,23025766,9800,6.5,640.0,710.0,110.0,830.0,0.09,9.0,88.0,Survey & Surveillance,0.98,140,BCG,Administrative coverage,891192.0,902733.0,101.3,84.1585,,,14.3,46.6
Burundi,BI,BDI,108,AFR,2023,13689449,13000,5.9,750.0,2200.0,270.0,2500.0,0.2,20.0,62.0,Survey,1.6,280,BCG,Administrative coverage,615578.0,431149.0,70.04,527.5318,0.408861094,75.09747265,11.2,
Cabo Verde,CV,CPV,132,AFR,2023,522332,250,11.0,27.0,24.0,6.0,30.0,0.13,13.0,80.0,Surveillance,0.71,3,BCG,Administrative coverage,,,,129.6105,,,11.0,
Cambodia,KH,KHM,116,WPR,2023,17423885,58000,1.3,740.0,3700.0,620.0,4300.0,0.08,8.0,55.0,Survey,1.5,980,BCG,Administrative coverage,346821.0,316632.0,91.3,96.2459,0.070367915,16.64469696,17.2,22.8
Cameroon,CM,CMR,120,AFR,2023,28372684,43000,17.0,7100.0,6900.0,2600.0,9600.0,0.24,24.0,59.0,Survey,1.3,650,BCG,Administrative coverage,1030034.0,962500.0,93.44,60.8791,0.232060113,43.59163626,6.5,24.0
Canada,CA,CAN,124,AMR,2023,39299105,2300,2.8,65.0,82.0,12.0,93.0,0.04,4.0,97.0,Surveillance,1.1,39,BCG,Administrative coverage,,,,4.3217,,,12.0,10.3
Cayman Islands,KY,CYM,136,AMR,2023,73035,3,0.0,0.0,0.0,0.0,0.0,0.08,8.0,87.0,Surveillance,1.3,0,BCG,Administrative coverage,765.0,725.0,94.77,303.0622,,,,
Central African Republic,CF,CAF,140,AFR,2023,5152418,28000,23.0,6400.0,4700.0,2600.0,7300.0,0.27,27.0,53.0,Survey,1.4,460,BCG,Administrative coverage,223981.0,207545.0,92.66,8.2706,0.461347524,80.4141778,,
Chad,TD,TCD,148,AFR,2023,19319066,27000,11.0,3000.0,4700.0,1100.0,5800.0,0.22,22.0,59.0,Surveillance,1.5,440,BCG,Administrative coverage,891044.0,974906.0,109.41,15.3423,0.517011207,84.17494747,7.4,
Chile,CL,CHL,152,AMR,2023,19658834,3600,9.3,340.0,160.0,75.0,230.0,0.07,7.0,87.0,Survey & Surveillance,2.3,97,BCG,Administrative coverage,172730.0,169655.0,98.22,26.1089,,,28.7,18.8
China,CN,CHN,156,WPR,2023,1422584930,741000,1.3,9500.0,25000.0,2000.0,27000.0,0.04,4.0,76.0,Survey & Surveillance,2.9,29000,BCG,Administrative coverage,8450313.0,8352584.0,98.84,148.1859,0.016066725,3.885020096,23.4,32.5
"China, Hong Kong SAR",HK,HKG,344,WPR,2023,7442727,3700,0.79,29.0,120.0,12.0,130.0,0.04,4.0,87.0,Surveillance,0.97,42,BCG,Administrative coverage,33229.0,32150.0,96.75,6772.2789,,,,15.6
"China, Macao SAR",MO,MAC,446,WPR,2023,713923,360,1.0,4.0,29.0,1.0,30.0,0.08,8.0,87.0,Surveillance,2.2,10,BCG,Administrative coverage,4209.0,4188.0,99.5,22309.7344,,,,16.2
Colombia,CO,COL,170,AMR,2023,52321145,24000,15.0,3500.0,1400.0,910.0,2300.0,0.1,10.0,83.0,Survey,5.4,1200,BCG,Administrative coverage,596676.0,517672.0,86.76,46.562,0.019657273,4.846250368,8.2,14.1
Comoros,KM,COM,174,AFR,2023,850387,300,2.0,6.0,84.0,3.0,87.0,0.3,30.0,36.0,Surveillance,1.2,4,BCG,Administrative coverage,26101.0,18760.0,71.87,456.9516,0.180771405,37.26491895,17.2,
Congo,CG,COG,178,AFR,2023,6182884,23000,30.0,6900.0,2800.0,2400.0,5200.0,0.24,24.0,63.0,Model,2.2,560,BCG,Administrative coverage,256018.0,171841.0,67.12,46.664,0.331188736,64.51797964,12.2,40.8
Congo,CG,COG,178,AFR,2023,6182884,23000,30.0,6900.0,2800.0,2400.0,5200.0,0.24,24.0,63.0,Model,2.2,560,BCG,Administrative coverage,256018.0,171841.0,67.12,46.664,0.111676294,24.26683483,12.2,40.8
Congo,CG,COG,178,AFR,2023,6182884,23000,30.0,6900.0,2800.0,2400.0,5200.0,0.24,24.0,63.0,Model,2.2,560,BCG,Administrative coverage,256018.0,171841.0,67.12,18.1051,0.331188736,64.51797964,12.2,40.8
Congo,CG,COG,178,AFR,2023,6182884,23000,30.0,6900.0,2800.0,2400.0,5200.0,0.24,24.0,63.0,Model,2.2,560,BCG,Administrative coverage,256018.0,171841.0,67.12,18.1051,0.111676294,24.26683483,12.2,40.8
Cook Islands,CK,COK,184,WPR,2023,14227,5,0.0,0.0,0.0,0.0,0.0,0.08,8.0,87.0,Surveillance,2.8,1,BCG,Administrative coverage,199.0,197.0,98.99,59.2583,,,27.0,
Costa Rica,CR,CRI,188,AMR,2023,5105518,510,11.0,58.0,40.0,10.0,50.0,0.1,10.0,94.0,Survey & Surveillance,1.1,6,BCG,Administrative coverage,50205.0,46575.0,92.77,99.9907,0.002006301,0.540466641,8.9,6.1
Côte d'Ivoire,CI,CIV,384,AFR,2023,31165656,37000,13.0,4700.0,6300.0,1800.0,8000.0,0.23,23.0,59.0,Survey,2.6,1100,BCG,Administrative coverage,1201305.0,1048209.0,87.26,98.0052,0.235870996,46.06748402,8.8,16.6
Croatia,HR,HRV,191,EUR,2023,3896036,140,0.95,1.0,34.0,1.0,57.0,0.42,42.0,190.0,Surveillance,0.55,1,BCG,Administrative coverage,32475.0,31486.0,96.95,69.7013,,,37.0,13.8
Cuba,CU,CUB,192,AMR,2023,11019933,870,7.7,67.0,36.0,16.0,53.0,0.06,6.0,87.0,Surveillance,2.7,37,BCG,Administrative coverage,89608.0,89600.0,99.99,103.2235,0.002688705,0.706432026,17.4,
Curaçao,CW,CUW,531,AMR,2023,185427,6,0.27,0.0,0.27,0.08,,,,,Surveillance,3.5,0,,,,,,437.3278,,,,
Cyprus,CY,CYP,196,EUR,2023,1344976,74,4.6,3.0,5.0,1.0,6.0,0.08,8.0,110.0,Surveillance,2.0,2,BCG,Administrative coverage,,,,145.5601,,,35.6,14.3
Czechia,CZ,CZE,203,EUR,2023,10809715,520,6.0,31.0,36.0,6.0,41.0,0.08,8.0,87.0,Surveillance,4.9,28,BCG,Administrative coverage,3403.0,,,140.0168,,,29.9,11.5
Democratic People's Republic of Korea,KP,PRK,408,SEA,2023,26418201,135000,0.2,297.0,,,,,,,Survey,2.5,5200,BCG,Administrative coverage,305384.0,191081.0,62.57,219.4021,,,16.5,
Democratic Republic of the Congo,CD,COD,180,AFR,2023,105789741,334000,6.5,22000.0,38000.0,5400.0,43000.0,0.13,13.0,77.0,Survey,1.6,6600,BCG,Administrative coverage,4954292.0,4375767.0,88.32,,,,,
Denmark,DK,DNK,208,EUR,2023,5948138,220,2.7,6.0,10.0,1.0,12.0,0.05,5.0,80.0,Surveillance,2.2,5,BCG,Administrative coverage,,,,140.3061,,,16.2,7.7
Djibouti,DJ,DJI,262,EMR,2023,1152944,2500,3.4,85.0,270.0,19.0,290.0,0.12,12.0,,Survey,3.1,80,BCG,Administrative coverage,19447.0,17103.0,87.95,49.7387,,,,
Dominica,DM,DMA,212,AMR,2023,66511,11,0.0,0.0,2.0,0.0,2.0,0.18,18.0,38.0,Surveillance,2.8,1,BCG,Administrative coverage,658.0,625.0,94.98,88.6807,,,,
Dominican Republic,DO,DOM,214,AMR,2023,11331267,4700,23.0,1100.0,150.0,310.0,460.0,0.1,10.0,93.0,Surveillance,6.0,300,BCG,Administrative coverage,185470.0,202407.0,109.13,234.5484,0.008786189,2.266607726,10.5,
Ecuador,EC,ECU,218,AMR,2023,17980089,10000,14.0,1500.0,540.0,300.0,840.0,0.08,8.0,80.0,Survey & Surveillance,3.8,550,BCG,Administrative coverage,241750.0,236026.0,98.0,72.3952,0.007937439,2.091220723,10.2,7.4
Egypt,EG,EGY,818,EMR,2023,114535766,11000,1.1,110.0,490.0,37.0,530.0,0.05,5.0,88.0,Survey & Surveillance,0.66,110,BCG,Administrative coverage,2049013.0,1981825.0,96.72,115.0593,0.019681797,5.238620107,24.7,42.4
El Salvador,SV,SLV,222,AMR,2023,6309636,5300,6.1,320.0,77.0,68.0,150.0,0.03,3.0,80.0,Survey,1.2,88,BCG,Administrative coverage,75331.0,71214.0,94.53,304.5185,0.032462509,7.860885588,8.9,19.5
Equatorial Guinea,GQ,GNQ,226,AFR,2023,1847547,5100,63.0,3200.0,270.0,910.0,1200.0,0.24,24.0,72.0,Model,2.5,210,BCG,Administrative coverage,22654.0,19264.0,85.04,65.8663,,,,
Eritrea,ER,ERI,232,AFR,2023,3470390,2200,2.5,56.0,76.0,6.0,81.0,0.04,4.0,99.0,Survey & Surveillance,2.6,68,BCG,Administrative coverage,111830.0,79500.0,71.09,28.6468,,,,
Estonia,EE,EST,233,EUR,2023,1367194,110,13.0,14.0,9.0,3.0,12.0,0.11,11.0,87.0,Surveillance,22.0,31,BCG,Administrative coverage,11817.0,8537.0,72.24,31.4544,,,28.3,4.7
Eswatini,SZ,SWZ,748,AFR,2023,1230500,4300,57.0,2300.0,290.0,660.0,950.0,0.24,24.0,53.0,Survey & Surveillance,4.1,230,BCG,Administrative coverage,32075.0,29672.0,92.51,70.8694,0.08127132,19.21377529,9.5,
Ethiopia,ET,ETH,231,AFR,2023,128691689,188000,8.3,16000.0,25000.0,4400.0,29000.0,0.16,16.0,72.0,Survey & Surveillance,1.1,2600,BCG,Administrative coverage,3669038.0,3498115.0,95.34,128.6917,0.366604242,68.73685809,5.2,27.0
Fiji,FJ,FJI,242,WPR,2023,924145,610,18.0,110.0,41.0,8.0,49.0,0.08,8.0,64.0,Surveillance,1.1,10,BCG,Administrative coverage,13424.0,5079.0,37.84,50.5827,0.005757663,1.511322398,27.6,
Finland,FI,FIN,246,EUR,2023,5601190,190,1.5,3.0,30.0,1.0,31.0,0.16,16.0,93.0,Surveillance,4.3,9,BCG,Administrative coverage,,,,18.5237,,,22.3,4.9
France,FR,FRA,250,EUR,2023,66438822,5500,5.2,290.0,450.0,77.0,530.0,0.1,10.0,83.0,Surveillance,0.65,86,BCG,Administrative coverage,,,,120.4955,,,34.6,9.5
French Polynesia,PF,PYF,258,WPR,2023,281128,40,0.0,0.0,3.0,0.0,3.0,0.08,8.0,87.0,Surveillance,6.9,3,BCG,Administrative coverage,,,,76.308,,,,3.2
Gabon,GA,GAB,266,AFR,2023,2484780,13000,30.0,3700.0,1900.0,1500.0,3500.0,0.29,29.0,53.0,Surveillance,3.6,640,BCG,Administrative coverage,84525.0,58561.0,69.28,9.6433,0.069695362,15.6015496,,16.9
Gambia,GM,GMB,270,AFR,2023,2697845,3800,13.0,480.0,470.0,140.0,600.0,0.16,16.0,72.0,Survey & Surveillance,0.76,36,BCG,Administrative coverage,93465.0,71226.0,76.21,266.5855,0.198023065,41.70908036,10.5,28.5
Georgia,GE,GEO,268,EUR,2023,3807493,2100,2.3,48.0,67.0,17.0,83.0,0.04,4.0,62.0,Survey & Surveillance,9.9,280,BCG,Administrative coverage,40214.0,37990.0,94.0,54.7919,0.0012446,0.340125856,31.8,16.4
Germany,DE,DEU,276,EUR,2023,84548229,4100,2.6,110.0,290.0,25.0,300.0,0.07,7.0,110.0,Surveillance,2.1,130,BCG,Administrative coverage,,,,242.5644,,,21.3,9.0
Ghana,GH,GHA,288,AFR,2023,33787917,44000,11.0,4800.0,9900.0,2300.0,12000.0,0.31,31.0,44.0,Survey & Surveillance,1.7,770,BCG,Administrative coverage,1284229.0,1206850.0,93.97,148.4922,0.111218324,24.63710068,3.4,33.2
Greece,GR,GRC,300,EUR,2023,10242906,540,2.8,15.0,42.0,3.0,54.0,0.1,10.0,87.0,Surveillance,2.0,14,BCG,Administrative coverage,,,,78.2977,,,32.8,17.4
Greenland,GL,GRL,304,EUR,2023,55922,56,0.0,0.0,5.0,0.0,5.0,0.08,8.0,87.0,Surveillance,2.2,1,,,,,,0.1362,,,,
Grenada,GD,GRD,308,AMR,2023,117082,6,0.0,0.0,2.0,0.0,2.0,0.44,44.0,87.0,Surveillance,2.9,0,BCG,Administrative coverage,,,,344.3559,,,,4.1
Guam,GU,GUM,316,WPR,2023,166502,52,0.0,0.0,4.0,0.0,4.0,0.08,8.0,87.0,Surveillance,2.6,1,BCG,Administrative coverage,,,,307.7754,,,,
Guatemala,GT,GTM,320,AMR,2023,18124838,5900,8.1,480.0,390.0,160.0,550.0,0.1,10.0,80.0,Survey & Surveillance,1.9,150,BCG,Administrative coverage,345359.0,304958.0,88.3,169.1381,0.13351782,28.8818282,11.9,18.7
Guinea,GN,GIN,324,AFR,2023,14405463,25000,17.0,4400.0,2300.0,1000.0,3300.0,0.14,14.0,80.0,Model,1.2,450,BCG,Administrative coverage,544896.0,510401.0,93.67,58.6255,0.373221634,66.21110211,,13.9
Guinea-Bissau,GW,GNB,624,AFR,2023,2153342,7800,30.0,2400.0,1600.0,1000.0,2600.0,0.35,35.0,34.0,Surveillance,1.6,160,BCG,Administrative coverage,77599.0,63146.0,81.37,76.5768,0.340688723,64.39631048,8.2,
Guyana,GY,GUY,328,AMR,2023,826356,530,22.0,120.0,140.0,10.0,150.0,0.29,29.0,80.0,Surveillance,2.2,15,BCG,Administrative coverage,14040.0,14700.0,104.7,4.1979,0.007164709,1.823614935,11.1,17.1
Haiti,HT,HTI,332,AMR,2023,11637406,17000,14.0,2400.0,920.0,1100.0,2100.0,0.12,12.0,68.0,Model,3.0,730,BCG,Administrative coverage,274088.0,246395.0,89.9,422.119,0.199587694,41.26889832,8.1,
Honduras,HN,HND,340,AMR,2023,10644848,3300,6.2,200.0,490.0,49.0,540.0,0.17,17.0,80.0,Survey,1.7,58,BCG,Administrative coverage,201319.0,144505.0,71.78,97.5929,0.051154169,11.9749224,12.3,15.1
Hungary,HU,HUN,348,EUR,2023,9686464,570,1.1,6.0,56.0,1.0,63.0,0.11,11.0,87.0,Surveillance,3.9,29,BCG,Administrative coverage,87089.0,86921.0,99.81,106.9973,,,32.2,12.0
Iceland,IS,ISL,352,EUR,2023,387551,12,2.1,0.0,1.0,0.0,2.0,0.2,20.0,110.0,Surveillance,1.1,0,BCG,Administrative coverage,,,,3.8662,,,9.4,4.0
India,IN,IND,356,SEA,2023,1438069593,2800000,1.5,42000.0,315000.0,8200.0,323000.0,0.12,12.0,85.0,Survey & Surveillance,2.5,110000,BCG,Administrative coverage,26576295.0,23697675.0,89.17,483.679,0.068810564,16.39280601,24.3,54.4
Indonesia,ID,IDN,360,SEA,2023,281190070,1090000,2.3,25000.0,125000.0,6200.0,131000.0,0.12,12.0,74.0,Survey & Surveillance,2.1,30000,BCG,Administrative coverage,4438677.0,3036525.0,68.41,147.1482,0.014010749,3.619007037,38.2,37.1
Iran (Islamic Republic of),IR,IRN,364,EMR,2023,90608706,9800,1.7,160.0,910.0,87.0,1000.0,0.1,10.0,76.0,Survey,1.6,190,BCG,Administrative coverage,1068191.0,1057986.0,99.04,55.6308,,,13.3,
Iraq,IQ,IRQ,368,EMR,2023,45074055,9400,0.0,0.0,720.0,0.0,720.0,0.08,8.0,74.0,Survey & Surveillance,3.6,450,BCG,Administrative coverage,1093454.0,1019680.0,93.25,103.8266,0.032694322,8.635418988,19.2,43.8
Ireland,IE,IRL,372,EUR,2023,5196629,240,3.6,9.0,19.0,2.0,21.0,0.09,9.0,87.0,Surveillance,1.5,6,BCG,Administrative coverage,,,,76.0108,,,19.3,6.3
Israel,IL,ISR,376,EUR,2023,9256311,260,4.4,12.0,22.0,2.0,24.0,0.09,9.0,87.0,Surveillance,8.2,22,,,,,,427.6817,,,20.4,17.8
Italy,IT,ITA,380,EUR,2023,59499452,2600,5.2,140.0,300.0,34.0,330.0,0.13,13.0,100.0,Surveillance,2.8,73,BCG,Administrative coverage,,,,201.0286,,,22.4,15.0
Jamaica,JM,JAM,388,AMR,2023,2839791,90,17.0,16.0,8.0,2.0,10.0,0.11,11.0,92.0,Surveillance,0.66,1,BCG,Administrative coverage,29226.0,28922.0,98.96,262.2148,0.010810292,2.775662196,9.7,7.1
Japan,JP,JPN,392,WPR,2023,124370948,12000,0.53,61.0,3200.0,16.0,3400.0,0.3,30.0,87.0,Surveillance,2.8,390,BCG,Administrative coverage,830000.0,807784.0,97.32,330.0505,,,19.2,9.6
Jordan,JO,JOR,400,EMR,2023,11439215,390,0.0,0.0,10.0,0.0,10.0,0.03,3.0,65.0,Survey & Surveillance,2.6,11,BCG,Administrative coverage,179963.0,161580.0,89.79,128.8287,0.00152592,0.43120324,35.6,
Kazakhstan,KZ,KAZ,398,EUR,2023,20330099,14000,6.2,880.0,360.0,280.0,640.0,0.05,5.0,67.0,Survey & Surveillance,33.0,5600,BCG,Administrative coverage,391910.0,362994.0,92.62,7.5305,0.001610633,0.452977897,22.2,22.2
Kenya,KE,KEN,404,AFR,2023,55339007,124000,24.0,28000.0,15000.0,8000.0,23000.0,0.2,20.0,77.0,Survey & Surveillance,0.82,1200,BCG,Administrative coverage,1692368.0,1367709.0,80.82,95.2925,0.170776075,37.47714545,10.7,10.6
Kiribati,KI,KIR,296,WPR,2023,132526,710,37.0,0.0,37.0,0.07,426.0,100.0,,,Surveillance,1.0,10,BCG,Administrative coverage,3384.0,3417.0,100.98,182.5489,0.080157405,19.80259103,39.7,
Kuwait,KW,KWT,414,EMR,2023,4838777,470,0.49,2.0,18.0,1.0,25.0,0.05,5.0,87.0,Surveillance,2.0,11,BCG,Administrative coverage,48468.0,49905.0,102.96,271.567,,,19.9,39.9
Kyrgyzstan,KG,KGZ,417,EUR,2023,7073516,7900,3.5,280.0,270.0,100.0,370.0,0.05,5.0,53.0,Survey & Surveillance,24.0,2500,BCG,Administrative coverage,147615.0,140424.0,95.13,36.8796,0.001425965,0.393031079,27.3,33.1
Lao People's Democratic Republic,LA,LAO,418,WPR,2023,7664987,10000,4.7,470.0,680.0,76.0,760.0,0.08,8.0,90.0,Survey & Surveillance,0.5,62,BCG,Administrative coverage,154050.0,144859.0,94.03,33.2105,0.10833325,23.07234577,27.2,29.6
Latvia,LV,LVA,428,EUR,2023,1882395,300,9.2,27.0,55.0,7.0,70.0,0.24,24.0,,Surveillance,9.5,32,BCG,Administrative coverage,14121.0,13773.0,97.54,30.2505,,,33.9,8.0
Lebanon,LB,LBN,422,EMR,2023,5773500,580,0.84,5.0,47.0,1.0,48.0,0.08,8.0,87.0,Survey & Surveillance,1.1,7,BCG,Administrative coverage,,,,564.3688,,,34.3,
Lesotho,LS,LSO,426,AFR,2023,2311476,15000,58.0,8400.0,1600.0,3700.0,5300.0,0.37,37.0,42.0,Survey & Surveillance,3.1,540,BCG,Administrative coverage,32702.0,20755.0,63.47,76.1354,0.084359191,19.60454173,24.3,
Liberia,LR,LBR,430,AFR,2023,5493031,17000,11.0,1800.0,3900.0,800.0,4700.0,0.29,29.0,44.0,Model,2.1,360,BCG,Administrative coverage,204179.0,201347.0,98.61,57.029,0.259293731,52.32307452,8.2,
Libya,LY,LBY,434,EMR,2023,7305660,4300,3.6,160.0,890.0,64.0,950.0,0.23,23.0,54.0,Surveillance,1.1,63,BCG,Administrative coverage,274619.0,274619.0,100.0,4.3585,0.007421465,1.998518943,,30.4
Lithuania,LT,LTU,440,EUR,2023,2854095,810,4.2,34.0,110.0,6.0,130.0,0.16,16.0,87.0,Surveillance,16.0,160,BCG,Administrative coverage,18476.0,17220.0,93.2,45.5773,,,31.4,10.4
Luxembourg,LU,LUX,442,EUR,2023,665098,48,7.1,3.0,1.0,0.0,2.0,0.05,5.0,87.0,Surveillance,1.3,1,BCG,Administrative coverage,,,,256.7946,,,23.0,8.9
Madagascar,MG,MDG,450,AFR,2023,31195929,73000,2.9,2100.0,12000.0,720.0,13000.0,0.19,19.0,64.0,Survey,1.1,1100,BCG,Administrative coverage,1121800.0,945797.0,84.31,53.6201,0.385927412,68.41886184,26.8,20.6
Malawi,MW,MWI,454,AFR,2023,21104478,25000,47.0,12000.0,1700.0,3100.0,4800.0,0.21,21.0,75.0,Survey,2.3,680,BCG,Administrative coverage,791315.0,698186.0,88.0,223.205,0.231095204,49.88338698,9.7,
Malaysia,MY,MYS,458,WPR,2023,35126304,43000,4.0,1700.0,2500.0,600.0,3100.0,0.07,7.0,61.0,Surveillance,0.87,580,BCG,Administrative coverage,423124.0,448950.0,106.1,106.9131,,,22.0,22.5
Maldives,MV,MDV,462,SEA,2023,525988,210,0.0,0.0,8.0,0.0,8.0,0.04,4.0,56.0,Surveillance,0.82,2,BCG,Administrative coverage,5881.0,5910.0,100.49,1753.3133,0.002654094,0.771989036,26.3,15.3
Mali,ML,MLI,466,AFR,2023,23769129,11000,6.6,750.0,1500.0,210.0,1700.0,0.16,16.0,73.0,Survey,0.92,150,BCG,Administrative coverage,997973.0,930633.0,93.25,19.4799,0.376062922,68.33225113,8.0,
Malta,MT,MLT,470,EUR,2023,532959,78,5.6,4.0,1.0,1.0,2.0,0.03,3.0,87.0,Surveillance,1.3,1,BCG,Administrative coverage,,,,1691.9238,,,24.7,12.0
Marshall Islands,MH,MHL,584,WPR,2023,38833,270,0.0,0.0,30.0,0.0,30.0,0.11,11.0,80.0,Surveillance,1.4,5,BCG,Administrative coverage,799.0,797.0,99.75,215.7056,,,29.8,
Mauritania,MR,MRT,478,AFR,2023,5022448,3700,2.5,94.0,610.0,31.0,650.0,0.18,18.0,65.0,Model,1.3,60,BCG,Administrative coverage,162490.0,165624.0,101.93,4.8728,0.327037248,58.44808274,9.5,
Mauritius,MU,MUS,480,AFR,2023,1273587,160,17.0,26.0,11.0,18.0,29.0,0.19,19.0,66.0,Surveillance,1.2,2,BCG,Administrative coverage,12703.0,10506.0,82.7,627.3833,,,20.9,3.5
Mexico,MX,MEX,484,AMR,2023,129739759,37000,11.0,4200.0,2800.0,1800.0,4600.0,0.13,13.0,73.0,Survey,2.5,1300,BCG,Administrative coverage,1802216.0,1612389.0,89.47,66.2192,0.016492114,4.069145229,14.9,20.1
Micronesia (Federated States of),FM,FSM,583,WPR,2023,112635,260,0.48,1.0,29.0,0.0,29.0,0.11,11.0,80.0,Surveillance,0.83,2,BCG,Administrative coverage,1694.0,1296.0,76.51,160.9007,,,,
Monaco,MC,MCO,492,EUR,2023,38955,0,0.08,0.0,0.08,0.08,,,,,Model,2.1,0,BCG,Administrative coverage,,,,26145.302,,,,
Mongolia,MN,MNG,496,WPR,2023,3431928,17000,0.11,18.0,400.0,11.0,410.0,0.03,3.0,18.0,Survey & Surveillance,6.7,1200,BCG,Administrative coverage,64306.0,64050.0,99.6,2.2035,0.02812682,7.258448585,29.5,22.5
Montenegro,ME,MNE,499,EUR,2023,633551,90,3.2,3.0,1.0,0.0,1.0,0.01,1.0,69.0,Surveillance,0.53,1,BCG,Administrative coverage,6897.0,5515.0,79.96,45.8697,0.0048989,1.235764775,32.0,21.3
Montserrat,MS,MSR,500,AMR,2023,4424,0,0.0,0.0,0.0,,,,,,Model,2.7,0,BCG,Administrative coverage,35.0,30.0,85.71,42.9175,,,,
Morocco,MA,MAR,504,EMR,2023,37712505,35000,1.2,410.0,1900.0,54.0,1900.0,0.06,6.0,94.0,Survey,1.2,580,,,,,,84.5003,0.026696723,6.359700642,13.0,
Mozambique,MZ,MOZ,508,AFR,2023,33635160,121000,23.0,28000.0,4400.0,3300.0,7700.0,0.07,7.0,96.0,Survey & Surveillance,3.0,4200,BCG,Administrative coverage,1115979.0,1526338.0,136.77,42.7721,0.371564498,61.93322209,,
Myanmar,MM,MMR,104,SEA,2023,54133801,302000,6.6,20000.0,44000.0,5300.0,49000.0,0.17,17.0,43.0,Survey & Surveillance,3.4,13000,BCG,Administrative coverage,964649.0,774592.0,80.3,82.8633,0.175846225,38.31585812,44.4,28.2
Namibia,,NAM,516,AFR,2023,2963092,14000,30.0,4000.0,1600.0,1300.0,2900.0,0.22,22.0,67.0,Survey & Surveillance,4.1,630,BCG,Administrative coverage,98468.0,89722.0,91.12,3.5991,0.184734535,40.88101083,14.1,
Nauru,NR,NRU,520,WPR,2023,11864,21,0.0,0.0,2.0,0.0,2.0,0.08,8.0,87.0,Surveillance,1.4,0,,,,,,593.75,,,48.3,
Nepal,NP,NPL,524,SEA,2023,29694620,68000,0.63,430.0,16000.0,200.0,16000.0,0.26,26.0,54.0,Survey & Surveillance,4.0,3000,BCG,Administrative coverage,515533.0,526791.0,102.18,201.7558,0.074398902,17.50459553,28.3,42.4
Netherlands (Kingdom of the),NL,NLD,528,EUR,2023,18092527,820,4.1,34.0,19.0,6.0,35.0,0.04,4.0,87.0,Surveillance,2.6,26,BCG,Administrative coverage,,,,537.3326,,,21.3,8.7
New Caledonia,NC,NCL,540,WPR,2023,289868,37,1.0,0.0,1.0,0.08,11.0,100.0,,,Surveillance,1.0,1,BCG,Administrative coverage,,,,15.8572,,,,
New Zealand,NZ,NZL,554,WPR,2023,5172833,340,0.34,1.0,14.0,0.0,14.0,0.04,4.0,87.0,Surveillance,1.9,8,BCG,Administrative coverage,60778.0,7929.0,13.05,19.5273,,,12.2,4.3
Nicaragua,NI,NIC,558,AMR,2023,6823619,2900,6.6,190.0,130.0,59.0,190.0,0.07,7.0,73.0,Survey & Surveillance,1.4,50,BCG,Administrative coverage,126204.0,111141.0,88.06,56.7028,0.074494892,16.4601998,,15.7
Niger,NE,NER,562,AFR,2023,26159867,19000,2.6,500.0,2100.0,120.0,2200.0,0.12,12.0,80.0,Survey,2.7,590,BCG,Administrative coverage,1057853.0,1245118.0,117.7,20.652,0.601279812,90.97115762,7.7,
Nigeria,NG,NGA,566,AFR,2023,227882944,499000,4.9,25000.0,64000.0,6700.0,71000.0,0.15,15.0,74.0,Survey & Surveillance,1.6,9400,BCG,Administrative coverage,8882982.0,8132090.0,91.55,250.2091,0.174817302,33.04406638,3.3,23.9
Niue,NU,NIU,570,WPR,2023,1816,1,1.0,0.0,0.0,0.0,0.0,0.45,45.0,0.0,Model,2.1,0,BCG,Administrative coverage,21.0,19.0,90.48,6.9904,,,,
North Macedonia,MK,MKD,807,EUR,2023,1831803,190,0.66,1.0,9.0,0.0,22.0,0.12,12.0,83.0,Surveillance,1.0,3,BCG,Administrative coverage,,,,73.5279,0.001422063,0.371856627,,25.2
Northern Mariana Islands,MP,MNP,580,WPR,2023,45150,25,0.0,0.0,2.0,0.0,2.0,0.08,8.0,87.0,Surveillance,2.4,1,BCG,Administrative coverage,,,,98.7812,,,,
Norway,NO,NOR,578,EUR,2023,5519169,160,2.4,4.0,19.0,2.0,20.0,0.13,13.0,86.0,Surveillance,6.8,12,BCG,Administrative coverage,,,,18.1417,,,14.2,6.3
"occupied Palestinian territory, including east Jerusalem",PS,PSE,275,EMR,2023,5409200,19,0.0,0.0,2.0,0.0,2.0,0.11,11.0,80.0,Surveillance,1.9,0,BCG,Administrative coverage,140024.0,121624.0,86.86,898.5385,0.001980092,0.5661842,,18.6
Oman,OM,OMN,512,EMR,2023,5049264,560,1.4,8.0,18.0,2.0,20.0,0.04,4.0,87.0,Surveillance,1.5,8,BCG,Administrative coverage,72699.0,72699.0,100.0,16.3143,,,8.4,
Pakistan,PK,PAK,586,EMR,2023,247504499,686000,0.39,2700.0,47000.0,1500.0,49000.0,0.07,7.0,69.0,Survey & Surveillance,2.1,15000,BCG,Administrative coverage,7278023.0,7640540.0,104.98,321.0675,0.198247395,38.33213061,18.9,73.7
Palau,PW,PLW,585,WPR,2023,17725,17,0.0,0.0,1.0,0.0,1.0,0.08,8.0,87.0,Surveillance,2.5,1,BCG,Administrative coverage,,,,38.538,,,17.3,
Panama,PA,PAN,591,AMR,2023,4458759,2600,17.0,440.0,180.0,41.0,230.0,0.09,9.0,80.0,Surveillance,4.3,130,BCG,Administrative coverage,59455.0,59455.0,100.0,60.1097,,,5.2,9.6
Papua New Guinea,PG,PNG,598,WPR,2023,10389640,45000,5.6,2500.0,2800.0,380.0,3200.0,0.07,7.0,91.0,Survey & Surveillance,4.9,2200,BCG,Administrative coverage,353333.0,152537.0,43.17,22.9423,0.2632909,56.6286273,39.6,
Paraguay,PY,PRY,600,AMR,2023,6844149,4300,8.9,380.0,180.0,120.0,290.0,0.07,7.0,87.0,Survey & Surveillance,0.43,29,BCG,Administrative coverage,142485.0,93627.0,65.71,16.9216,0.018848581,4.500745405,10.7,
Peru,PE,PER,604,AMR,2023,33845605,59000,6.0,3500.0,4800.0,760.0,5600.0,0.1,10.0,54.0,Survey & Surveillance,7.0,4900,BCG,Administrative coverage,480500.0,419980.0,87.4,26.4401,0.025803219,6.630745036,7.1,18.8
Philippines,PH,PHL,608,WPR,2023,114891201,739000,0.72,5400.0,37000.0,760.0,37000.0,0.06,6.0,78.0,Survey & Surveillance,2.3,29000,BCG,Administrative coverage,2187333.0,1464515.0,66.95,382.9707,0.024249342,5.795981884,20.4,13.5
Poland,PL,POL,616,EUR,2023,38762846,3900,1.1,45.0,480.0,12.0,600.0,0.15,15.0,110.0,Surveillance,1.4,68,BCG,Administrative coverage,272451.0,247701.0,90.92,126.5957,,,23.6,14.1
Portugal,PT,PRT,620,EUR,2023,10430739,1600,11.0,180.0,250.0,37.0,280.0,0.17,17.0,92.0,Surveillance,0.87,20,BCG,Administrative coverage,,,,113.3961,,,25.6,6.8
Puerto Rico,PR,PRI,630,AMR,2023,3242019,23,5.0,1.0,6.0,0.0,6.0,0.26,26.0,87.0,Surveillance,2.2,1,,,,,,372.9892,,,,4.5
Qatar,QA,QAT,634,EMR,2023,2979081,1000,0.55,6.0,8.0,0.0,9.0,0.01,1.0,87.0,Surveillance,2.0,21,BCG,Administrative coverage,28157.0,27809.0,98.8,257.1277,,,12.5,37.6
Republic of Korea,KR,KOR,410,WPR,2023,51748740,20000,2.9,0.06,3.0,0.08,35.0,100.0,,,Survey & Surveillance,2.9,790,BCG,Administrative coverage,232498.0,227812.0,97.98,523.0157,,,20.0,19.2
Republic of Moldova,MD,MDA,498,EUR,2023,3067072,2300,13.0,290.0,61.0,140.0,200.0,0.09,9.0,93.0,Surveillance,27.0,820,BCG,Administrative coverage,26939.0,25945.0,96.3,93.275,0.003533905,0.943633181,29.7,15.7
Romania,RO,ROU,642,EUR,2023,19118479,10000,2.3,240.0,960.0,43.0,1000.0,0.1,10.0,87.0,Survey & Surveillance,2.3,440,BCG,Administrative coverage,142432.0,125351.0,88.01,83.0964,,,30.0,15.7
Russian Federation,RU,RUS,643,EUR,2023,145440499,55000,25.0,14000.0,5200.0,1300.0,6500.0,0.13,13.0,100.0,Surveillance,37.0,30000,BCG,Administrative coverage,1116339.0,1069609.0,95.81,8.8815,,,29.2,10.0
Rwanda,RW,RWA,646,AFR,2023,13954478,7700,12.0,950.0,250.0,100.0,350.0,0.05,5.0,120.0,Survey & Surveillance,1.2,110,BCG,Administrative coverage,372310.0,342002.0,91.9,576.3929,0.231001962,48.82240187,14.3,36.8
Saint Kitts and Nevis,KN,KNA,659,AMR,2023,46760,1,0.0,0.0,1.0,0.0,1.0,0.79,79.0,87.0,Surveillance,2.6,0,BCG,Administrative coverage,587.0,558.0,95.06,179.8385,,,,
Saint Lucia,LC,LCA,662,AMR,2023,179278,2,0.0,0.0,1.0,0.0,1.0,0.44,44.0,87.0,Surveillance,2.8,0,BCG,Administrative coverage,1760.0,1619.0,91.99,291.0463,0.007201862,1.921131178,13.8,
Saint Vincent and the Grenadines,VC,VCT,670,AMR,2023,101318,14,20.0,3.0,1.0,0.0,1.0,0.07,7.0,28.0,Surveillance,1.9,0,BCG,Administrative coverage,1204.0,1180.0,98.01,259.8013,,,,
Samoa,WS,WSM,882,WPR,2023,216661,11,0.0,0.0,1.0,0.0,1.0,0.08,8.0,,Surveillance,1.5,0,BCG,Administrative coverage,5229.0,5187.0,99.2,76.5594,0.02460049,6.288498686,22.5,
San Marino,SM,SMR,674,EUR,2023,33728,0,0.0,0.0,0.0,,,,,,Model,2.3,0,BCG,Administrative coverage,,,,552.9918,,,,
Sao Tome and Principe,ST,STP,678,AFR,2023,230871,260,15.0,37.0,59.0,19.0,77.0,0.35,35.0,41.0,Model,3.7,12,BCG,Administrative coverage,5815.0,4652.0,80.0,240.4911,0.047923375,11.71226373,7.8,
Saudi Arabia,SA,SAU,682,EMR,2023,33264294,2800,2.3,65.0,170.0,10.0,180.0,0.07,7.0,91.0,Survey & Surveillance,1.2,45,BCG,Administrative coverage,482846.0,465521.0,96.41,15.474,,,14.9,26.5
Senegal,SN,SEN,686,AFR,2023,18077568,20000,3.9,780.0,1800.0,160.0,2000.0,0.1,10.0,84.0,Survey,0.81,210,BCG,Administrative coverage,620133.0,,,93.8948,0.262861973,50.83237811,6.5,28.2
Serbia,RS,SRB,688,EUR,2023,6773199,930,0.31,3.0,27.0,0.0,27.0,0.03,3.0,110.0,Surveillance,0.99,13,BCG,Administrative coverage,58891.0,57434.0,97.53,88.2663,0.000433114,0.113673673,39.5,20.5
Seychelles,SC,SYC,690,AFR,2023,127954,26,10.0,3.0,0.0,0.0,1.0,0.02,2.0,87.0,Surveillance,1.1,0,BCG,Administrative coverage,1553.0,1539.0,99.1,279.9792,0.002963461,0.865757579,20.2,
Sierra Leone,SL,SLE,694,AFR,2023,8460512,24000,13.0,3200.0,1300.0,470.0,1800.0,0.08,8.0,92.0,Model,1.2,340,BCG,Administrative coverage,347584.0,271671.0,78.16,117.933,0.292899307,59.22196286,12.9,
Singapore,SG,SGP,702,WPR,2023,5789094,2400,1.3,31.0,23.0,8.0,33.0,0.01,1.0,87.0,Surveillance,2.0,49,BCG,Administrative coverage,31391.0,30632.0,97.6,8475.9729,,,16.4,13.4
Sint Maarten (Dutch part),SX,SXM,534,AMR,2023,42744,3,0.66,0.0,0.66,0.08,7.0,100.0,,,Model,4.0,0,,,,,,1257.3235,,,,
Slovakia,SK,SVK,703,EUR,2023,5518055,240,3.1,7.0,14.0,1.0,36.0,0.15,15.0,87.0,Surveillance,2.5,10,BCG,Administrative coverage,,,,112.5376,,,32.4,13.1
Slovenia,SI,SVN,705,EUR,2023,2118401,98,2.9,3.0,14.0,0.0,15.0,0.15,15.0,87.0,Surveillance,0.51,1,BCG,Administrative coverage,,,,105.194,,,20.1,14.9
Solomon Islands,SB,SLB,90,WPR,2023,800007,440,6.0,0.0,6.0,0.11,44.0,100.0,,,Model,1.5,7,BCG,Administrative coverage,16217.0,13416.0,82.73,27.7818,,,36.9,
Somalia,SO,SOM,706,EMR,2023,18358618,45000,0.59,260.0,12000.0,130.0,12000.0,0.28,28.0,42.0,Survey & Surveillance,3.3,1600,BCG,Administrative coverage,713451.0,618829.0,86.74,29.2642,,,,
South Africa,ZA,ZAF,710,AFR,2023,63212382,270000,54.0,145000.0,25000.0,31000.0,56000.0,0.22,22.0,79.0,Survey & Surveillance,3.1,13000,BCG,Administrative coverage,1135768.0,894857.0,78.79,51.7789,0.024890643,6.256881704,20.7,19.9
South Sudan,SS,SSD,728,AFR,2023,11483372,26000,11.0,2900.0,1500.0,420.0,1900.0,0.07,7.0,92.0,Model,1.6,540,BCG,Administrative coverage,497761.0,477135.0,96.0,20.355,,,,
Spain,ES,ESP,724,EUR,2023,47911585,2800,6.8,190.0,170.0,59.0,320.0,0.11,11.0,140.0,Surveillance,3.7,98,BCG,Administrative coverage,,,,95.3741,,,28.4,9.9
Sri Lanka,LK,LKA,144,SEA,2023,22971614,14000,0.48,68.0,800.0,25.0,820.0,0.06,6.0,65.0,Survey,0.51,98,BCG,Administrative coverage,247900.0,245790.0,99.15,366.3443,0.011184699,2.920717924,19.5,19.3
Sudan,SD,SDN,729,EMR,2023,50042786,25000,2.2,550.0,5400.0,230.0,5600.0,0.23,23.0,53.0,Survey,2.6,790,BCG,Administrative coverage,2042361.0,1007685.0,49.34,28.3521,0.279439589,52.32804165,,
Suriname,SR,SUR,740,AMR,2023,628883,180,12.0,21.0,10.0,16.0,26.0,0.14,14.0,67.0,Surveillance,9.9,21,BCG,Administrative coverage,,,,4.0313,0.011232468,2.853739736,,10.6
Sweden,SE,SWE,752,EUR,2023,10551490,390,2.2,9.0,19.0,2.0,25.0,0.07,7.0,87.0,Surveillance,3.9,19,BCG,Administrative coverage,,,,25.9034,,,22.7,5.1
Switzerland,CH,CHE,756,EUR,2023,8870559,470,4.6,22.0,18.0,4.0,22.0,0.05,5.0,87.0,Surveillance,2.6,24,BCG,Administrative coverage,,,,221.8084,,,25.5,8.9
Syrian Arab Republic,SY,SYR,760,EMR,2023,23594622,4000,0.1,4.0,32.0,1.0,32.0,0.01,1.0,85.0,Survey & Surveillance,1.4,68,BCG,Administrative coverage,573944.0,442951.0,77.18,128.4341,,,,
Tajikistan,TJ,TJK,762,EUR,2023,10389800,8200,3.0,250.0,760.0,100.0,870.0,0.11,11.0,54.0,Survey & Surveillance,26.0,2200,BCG,Administrative coverage,246316.0,243355.0,98.8,72.6052,0.029005923,7.444606288,,49.0
Thailand,TH,THA,764,SEA,2023,71702430,113000,8.5,9400.0,11000.0,2000.0,13000.0,0.12,12.0,71.0,Survey & Surveillance,1.9,2900,BCG,Administrative coverage,285121.0,271276.0,95.1,140.3481,0.002120682,0.577791488,19.2,23.3
Timor-Leste,TL,TLS,626,SEA,2023,1384286,6900,0.91,63.0,550.0,11.0,560.0,0.08,8.0,87.0,Survey,0.71,61,BCG,Administrative coverage,32153.0,37613.0,116.98,93.0925,0.22151424,48.25369956,38.7,
Togo,TG,TGO,768,AFR,2023,9304336,2800,13.0,370.0,80.0,36.0,120.0,0.04,4.0,110.0,Survey & Surveillance,0.5,17,BCG,Administrative coverage,372676.0,287665.0,77.19,171.0671,0.179616257,37.61229535,6.4,16.3
Tokelau,TK,TKL,772,WPR,2023,2397,0,8.3,0.0,8.3,0.44,0.0,0.0,,,Regional average,2.2,0,BCG,Administrative coverage,27.0,100.0,,199.7917,,,,
Tonga,TO,TON,776,WPR,2023,104595,9,0.0,0.0,1.0,0.0,1.0,0.08,8.0,87.0,Surveillance,1.3,0,BCG,Administrative coverage,1864.0,1845.0,98.98,160.9192,0.003336155,0.874608114,31.3,
Trinidad and Tobago,TT,TTO,780,AMR,2023,1502931,320,20.0,65.0,22.0,18.0,39.0,0.12,12.0,87.0,Surveillance,1.1,5,BCG,Administrative coverage,,,,292.9693,0.002417925,0.636560673,,5.8
Tunisia,TN,TUN,788,EMR,2023,12200425,4600,0.73,33.0,140.0,12.0,150.0,0.03,3.0,68.0,Survey & Surveillance,1.2,65,BCG,Administrative coverage,147114.0,115622.0,78.59,78.4947,0.002887731,0.791433611,20.5,
Türkiye,TR,TUR,792,EUR,2023,87270497,12000,1.3,150.0,320.0,57.0,370.0,0.03,3.0,81.0,Surveillance,2.5,330,BCG,Administrative coverage,958408.0,920155.0,96.01,113.3966,,,30.5,20.3
Turkmenistan,TM,TKM,795,EUR,2023,7364441,3600,22.0,810.0,750.0,170.0,920.0,0.26,26.0,,Survey & Surveillance,33.0,1600,BCG,Administrative coverage,979.0,,,15.6714,0.000849177,0.249407157,5.6,
Turks and Caicos Islands,TC,TCA,796,AMR,2023,46206,8,14.0,1.0,1.0,0.0,1.0,0.1,10.0,87.0,Model,2.7,1,BCG,Administrative coverage,576.0,574.0,99.65,48.6295,,,,
Tuvalu,TV,TUV,798,WPR,2023,9806,29,0.0,0.0,6.0,0.0,6.0,0.21,21.0,55.0,Surveillance,1.8,1,BCG,Administrative coverage,259.0,259.0,100.0,327.1833,0.008084608,2.114435904,33.7,
Uganda,UG,UGA,800,AFR,2023,48656595,96000,37.0,36000.0,4200.0,5700.0,9900.0,0.11,11.0,90.0,Survey & Surveillance,1.1,1200,BCG,Administrative coverage,2207138.0,1794676.0,81.31,243.518,0.281028478,57.16848546,7.5,27.3
Ukraine,UA,UKR,804,EUR,2023,37732841,42000,25.0,9800.0,2600.0,3700.0,6400.0,0.16,16.0,47.0,Survey & Surveillance,28.0,13000,BCG,Administrative coverage,204009.0,170407.0,83.53,65.133,0.000840432,0.244237337,24.9,8.6
United Arab Emirates,AE,ARE,784,EMR,2023,10642078,85,5.4,5.0,72.0,0.0,72.0,0.85,85.0,87.0,Surveillance,1.4,1,BCG,Administrative coverage,78000.0,77093.0,98.84,149.8378,,,9.0,43.0
United Kingdom of Great Britain and Northern Ireland,GB,GBR,826,EUR,2023,68682959,5200,3.5,180.0,240.0,32.0,350.0,0.07,7.0,100.0,Surveillance,1.8,100,BCG,Administrative coverage,,,,282.9475,,,14.2,7.7
United Republic of Tanzania,TZ,TZA,834,AFR,2023,66617605,122000,17.0,21000.0,13000.0,5400.0,18000.0,0.17,17.0,76.0,Survey & Surveillance,0.94,1300,BCG,Administrative coverage,2418647.0,3830309.0,158.37,75.2059,0.284179311,57.06772711,9.3,
United States of America,US,USA,840,AMR,2023,343477333,11000,4.9,520.0,540.0,86.0,660.0,0.06,6.0,87.0,Surveillance,1.5,220,BCG,Administrative coverage,,,,37.5484,,,24.3,9.1
Uruguay,UY,URY,858,AMR,2023,3388075,1400,13.0,190.0,130.0,30.0,160.0,0.11,11.0,87.0,Survey & Surveillance,0.73,17,BCG,Administrative coverage,31538.0,31298.0,99.24,19.5621,,,20.5,11.7
Uzbekistan,UZ,UZB,860,EUR,2023,35652303,20000,3.3,680.0,450.0,110.0,560.0,0.03,3.0,68.0,Survey & Surveillance,16.0,3900,BCG,Administrative coverage,948976.0,945450.0,99.63,83.8089,0.006103756,1.729536493,16.7,28.6
Vanuatu,VU,VUT,548,WPR,2023,320409,130,1.2,2.0,17.0,0.0,17.0,0.13,13.0,76.0,Surveillance,2.4,4,BCG,Administrative coverage,9251.0,7922.0,86.0,26.2845,,,,
Venezuela (Bolivarian Republic of),VE,VEN,862,AMR,2023,28300854,13000,7.8,980.0,580.0,340.0,920.0,0.07,7.0,81.0,Model,4.0,610,BCG,Administrative coverage,528194.0,353504.0,66.93,30.8811,,,,
Viet Nam,VN,VNM,704,WPR,2023,100352197,182000,2.5,4600.0,11000.0,2400.0,13000.0,0.07,7.0,57.0,Survey & Surveillance,4.4,9900,BCG,Administrative coverage,1267834.0,1205427.0,95.08,320.1956,0.007729395,1.919120523,22.5,29.6
Wallis and Futuna,WF,WLF,876,WPR,2023,11377,0,0.15,0.0,0.15,0.08,,,,,Surveillance,1.8,0,,,,,,81.2179,,,,
Yemen,YE,YEM,887,EMR,2023,39390797,19000,0.72,140.0,3700.0,51.0,3700.0,0.2,20.0,58.0,Survey,1.9,420,BCG,Administrative coverage,1254398.0,802445.0,63.97,74.608,0.245166461,48.46642878,21.4,
Zambia,ZM,ZMB,894,AFR,2023,20723959,59000,32.0,19000.0,2400.0,2600.0,5000.0,0.09,9.0,93.0,Survey & Surveillance,1.9,1700,BCG,Administrative coverage,877840.0,707320.0,80.58,27.8776,0.231685073,47.90613054,14.6,24.1
Zimbabwe,ZW,ZWE,716,AFR,2023,16340822,35000,62.0,21000.0,2400.0,5500.0,7900.0,0.24,24.0,56.0,Survey & Surveillance,1.6,760,BCG,Administrative coverage,539232.0,482999.0,89.57,42.2407,0.109941785,25.80003835,11.3,33.3
